Country,1979,1980,1981,1982,1983,1984,1985,1986,1987,1988,1989,1990,1991,1992,1993,1994,1995,1996,1997,1998,1999,2000,2001,2002,2003,2004,2005,2006,2007,2008,2009,2010,2011
Abkhazia,,,,,,,,,,,,,,,,,,,,,,,,,,,,,,,,,
Afghanistan,,,,,,,,,,,,,,,,,,,,,,,,,,,,,,,0.06,0.06,0.06
Akrotiri and Dhekelia,,,,,,,,,,,,,,,,,,,,,,,,,,,,,,,,,
Albania,,,,,,,,,,,,,,,,,,,,,,,,,,,,,,,,,
Algeria,,,,,,,,,,,,0.06,0.06,0.06,0.06,0.06,0.06,0.06,0.06,0.06,0.06,0.06,0.06,0.06,0.06,0.1,0.1,0.1,0.1,0.1,,,
American Samoa,,,,,,,,,,,,,,,,,,,,,,,,,,,,,,,,,
Andorra,,,,,,,,,,,,,,,,,,,,,,,,,,,,,,,,,
Angola,0.026527865,,,,,,,,,,,0.5,0.8,1,1.2,1.4,1.6,1.7,1.8,1.8,1.9,1.9,1.9,1.9,1.9,1.9,1.9,1.9,1.9,2,2.1,2.1,2.1
Anguilla,,,,,,,,,,,,,,,,,,,,,,,,,,,,,,,,,
Antigua and Barbuda,,,,,,,,,,,,,,,,,,,,,,,,,,,,,,,,,
Argentina,0.02050798,,,,,,,,,,,0.3,0.3,0.3,0.3,0.3,0.3,0.3,0.3,0.3,0.3,0.4,0.4,0.4,0.4,0.4,0.4,0.4,0.4,0.5,0.4,0.4,0.4
Armenia,,,,,,,,,,,,0.06,0.06,0.06,0.06,0.06,0.06,0.06,0.06,0.1,0.1,0.1,0.1,0.1,0.1,0.1,0.1,0.1,0.1,0.1,0.2,0.2,0.2
Aruba,,,,,,,,,,,,,,,,,,,,,,,,,,,,,,,,,
Australia,,,,,0.012682938,,,,,,,0.1,0.1,0.1,0.1,0.1,0.1,0.1,0.1,0.1,0.1,0.1,0.1,0.1,0.1,0.1,0.1,0.1,0.1,0.1,0.2,0.2,0.2
Austria,,,0.010187591,,,,,,,,,0.06,0.06,0.06,0.06,0.06,0.06,0.06,0.1,0.1,0.1,0.1,0.1,0.1,0.2,0.2,0.2,0.2,0.3,0.3,0.3,0.4,0.4
Azerbaijan,,,,,,,,,,,,0.06,0.06,0.06,0.06,0.06,0.06,0.06,0.06,0.06,0.06,0.06,0.06,0.06,0.06,0.06,0.06,0.06,0.1,0.1,0.1,0.1,0.1
Bahamas,0.01,,,,,,,,,,,3.6,3.8,3.9,3.9,3.8,3.7,3.6,3.5,3.3,3.2,3.2,3.1,3,3,3,3,3,3.1,3.1,2.9,2.8,2.8
Bahrain,,,,,,,,,,,,,,,,,,,,,,,,,,,,,,,,,
Bangladesh,,,,,,,,,,,,0.06,0.06,0.06,0.06,0.06,0.06,0.06,0.06,0.06,0.06,0.06,0.06,0.06,0.06,0.06,0.06,0.06,0.06,0.06,0.06,0.06,0.06
Barbados,0.02767648,,,,,,,,,,,0.06,0.06,0.1,0.1,0.1,0.1,0.2,0.2,0.3,0.4,0.4,0.5,0.6,0.7,0.8,0.9,1.1,1.2,1.3,0.9,0.9,0.9
Belarus,,,,,,,,,,,,0.06,0.06,0.06,0.06,0.06,0.06,0.06,0.06,0.06,0.1,0.1,0.1,0.1,0.1,0.2,0.2,0.2,0.2,0.2,0.3,0.4,0.4
Belgium,,,,0.014146531,,,,,,,,0.06,0.1,0.1,0.1,0.1,0.1,0.2,0.2,0.2,0.2,0.2,0.2,0.2,0.2,0.2,0.2,0.2,0.2,0.2,0.3,0.3,0.3
Belize,,,,,,,,,,,,0.5,0.7,1,1.2,1.4,1.5,1.6,1.8,1.9,2,2.2,2.2,2.3,2.4,2.4,2.4,2.4,2.4,2.4,2.4,2.4,2.3
Benin,,,,,,0.011875633,,,,,,0.2,0.4,0.5,0.7,0.9,1.1,1.3,1.4,1.4,1.4,1.4,1.4,1.4,1.3,1.3,1.3,1.2,1.2,1.2,1.2,1.2,1.2
Bermuda,,,,,,,,,,,,,,,,,,,,,,,,,,,,,,,,,
Bhutan,,,,,,,,,,,,0.06,0.06,0.06,0.06,0.06,0.06,0.06,0.06,0.06,0.06,0.06,0.06,0.06,0.1,0.1,0.1,0.1,0.1,0.2,0.2,0.3,0.3
Bolivia,,,,,,,,,,,,0.1,0.1,0.2,0.2,0.2,0.2,0.2,0.2,0.2,0.2,0.2,0.2,0.2,0.2,0.2,0.2,0.2,0.2,0.2,0.3,0.3,0.3
Bosnia and Herzegovina,,,,,,,,,,,,,,,,,,,,,,,,,,,,,,,,,
Botswana,0.105976053,,,,,,,,,,,3.5,5.1,7.3,10.1,13.3,16.6,19.7,22.2,24.1,25.3,26,26.3,26.3,26.1,25.8,25.5,25.3,25.1,24.9,24.1,23.7,23.4
Brazil,0.09447913,,,,,,,,,,,0.45,0.45,0.45,0.4,0.4,0.4,0.4,0.4,0.4,0.4,0.4,0.4,0.4,0.4,0.4,0.4,0.4,0.4,0.45,0.3,0.3,0.3
British Virgin Islands,,,,,,,,,,,,,,,,,,,,,,,,,,,,,,,,,
Brunei,,,,,,,,,,,,,,,,,,,,,,,,,,,,,,,,,
Bulgaria,,,,,,,,,,,,0.06,0.06,0.06,0.06,0.06,0.06,0.06,0.06,0.06,0.06,0.06,0.06,0.06,0.06,0.1,0.1,0.1,0.1,0.1,0.1,0.1,0.1
Burkina Faso,0.01,,,,,,,,,,,3.9,4,3.9,3.8,3.6,3.4,3.2,2.9,2.7,2.5,2.3,2.1,1.9,1.7,1.6,1.5,1.4,1.3,1.2,1.2,1.2,1.1
Burundi,0.015913875,,,,,,,,,,,3.9,4.5,5.1,5.5,5.8,5.9,5.9,5.8,5.7,5.4,5.2,5,4.7,4.5,4.2,4,3.8,3.6,3.5,1.6,1.4,1.3
Cambodia,,,,,,,0.01,,,,,0.5,0.8,1,1.2,1.3,1.4,1.4,1.4,1.4,1.4,1.3,1.2,1.1,0.9,0.8,0.8,0.7,0.6,0.6,0.6,0.6,0.6
Cameroon,,0.012524627,,,,,,,,,,0.6,1,1.6,2.5,3.4,4.2,4.8,5.1,5.3,5.4,5.5,5.5,5.5,5.5,5.4,5.4,5.4,5.4,5.3,4.8,4.7,4.6
Canada,0.012998487,,,,,,,,,,,0.1,0.2,0.2,0.2,0.2,0.2,0.2,0.2,0.2,0.2,0.2,0.2,0.2,0.2,0.2,0.2,0.2,0.2,0.2,0.3,0.3,0.3
Cape Verde,,,,,,,,,,,,,,,,,,,,,,,,,,,,,,,1,1,1
Cayman Islands,,,,,,,,,,,,,,,,,,,,,,,,,,,,,,,,,
Central African Republic,0.113034777,,,,,,,,,,,3.1,4.6,6.3,7.9,9,9.7,10.1,10.1,10,9.8,9.4,8.9,8.4,7.8,7.2,6.6,6.1,5.5,5.1,5.1,4.9,4.6
Chad,0.039876698,,,,,,,,,,,1.1,1.3,1.5,1.7,1.9,2.1,2.3,2.5,2.7,2.9,3,3.2,3.3,3.4,3.4,3.5,3.5,3.5,3.4,3.2,3.2,3.1
Channel Islands,,,,,,,,,,,,,,,,,,,,,,,,,,,,,,,,,
Chile,,,,,,,0.009688619,,,,,0.06,0.06,0.1,0.1,0.1,0.1,0.1,0.1,0.2,0.2,0.2,0.3,0.3,0.3,0.3,0.3,0.4,0.4,0.4,0.5,0.5,0.5
China,,,,,,,,,,,,,,,,,,,,,,,,,,,,,,,,,0.06
Christmas Island,,,,,,,,,,,,,,,,,,,,,,,,,,,,,,,,,
Cocos Island,,,,,,,,,,,,,,,,,,,,,,,,,,,,,,,,,
Colombia,,,,,,0.012153094,,,,,,0.2,0.3,0.4,0.5,0.6,0.6,0.7,0.8,0.8,0.9,0.9,0.8,0.8,0.8,0.7,0.7,0.6,0.6,0.5,0.5,0.5,0.5
Comoros,,,,,,,,,,,,0.06,0.06,0.06,0.06,0.06,0.06,0.06,0.06,0.06,0.06,0.06,0.06,0.06,0.06,0.06,0.06,0.06,0.06,0.06,0.1,0.1,0.1
"Congo, Dem. Rep.",,,,,,,,,,,,,,,,,,,,,,,,,,,,,,,,,
"Congo, Rep.",0.01,,,,,,,,,,,5.2,5.2,5,4.8,4.6,4.4,4.3,4.1,4,3.9,3.9,3.8,3.8,3.7,3.7,3.6,3.6,3.5,3.5,3.3,3.3,3.3
Cook Is,,,,,,,,,,,,,,,,,,,,,,,,,,,,,,,,,
Costa Rica,,,,,,,,,,,,0.06,0.06,0.06,0.06,0.06,0.06,0.06,0.1,0.1,0.1,0.1,0.2,0.2,0.2,0.3,0.3,0.3,0.3,0.3,0.3,0.3,0.3
Cote d'Ivoire,0.123178372,,,,,,,,,,,2.4,3.3,4.4,5.5,6.4,7.1,7.4,7.5,7.4,7.2,6.9,6.5,6.1,5.7,5.3,4.8,4.4,4.1,3.7,3.4,3.2,3
Croatia,,,,,,,,,,,,0.06,0.06,0.06,0.06,0.06,0.06,0.06,0.06,0.06,0.06,0.06,0.06,0.06,0.06,0.06,0.06,0.06,0.06,0.06,0.06,0.06,0.06
Cuba,,,,,,,,,,,,0.06,0.06,0.06,0.06,0.06,0.06,0.06,0.06,0.06,0.06,0.06,0.06,0.06,0.06,0.1,0.1,0.1,0.1,0.1,0.1,0.2,0.2
Cyprus,,,,,,,,,,,,,,,,,,,,,,,,,,,,,,,,,
Czech Republic,,,,,,,,,,,,0.06,0.06,0.06,0.06,0.06,0.06,0.06,0.06,0.06,0.06,0.06,0.06,0.06,0.06,0.06,0.06,0.06,0.06,0.06,0.06,0.06,0.06
Czechoslovakia,,,,,,,,,,,,,,,,,,,,,,,,,,,,,,,,,
Denmark,,,,0.011698226,,,,,,,,0.06,0.06,0.06,0.1,0.1,0.1,0.1,0.1,0.1,0.1,0.1,0.1,0.1,0.1,0.1,0.1,0.2,0.2,0.2,0.2,0.2,0.2
Djibouti,,,,,0.012392677,,,,,,,0.9,1.1,1.4,1.7,2,2.3,2.5,2.7,2.8,2.9,2.9,2.9,2.9,2.8,2.7,2.7,2.6,2.6,2.6,1.6,1.5,1.4
Dominica,,,,,,,,,,,,,,,,,,,,,,,,,,,,,,,,,
Dominican Republic,0.056691281,,,,,,,,,,,0.4,0.5,0.6,0.7,0.8,0.9,0.9,1,1,1,1,0.9,0.9,0.9,0.9,0.9,0.9,0.8,0.9,0.8,0.7,0.7
East Germany,,,,,,,,,,,,,,,,,,,,,,,,,,,,,,,,,
Ecuador,0.013690696,,,,,,,,,,,0.3,0.4,0.4,0.5,0.5,0.5,0.5,0.5,0.5,0.5,0.5,0.5,0.5,0.5,0.4,0.4,0.4,0.4,0.4,0.4,0.4,0.4
Egypt,,,,,,,,,,,,0.06,0.06,0.06,0.06,0.06,0.06,0.06,0.06,0.06,0.06,0.06,0.06,0.06,0.06,0.06,0.06,0.06,0.06,0.06,0.06,0.06,0.06
El Salvador,,,,,,,0.012269586,,,,,0.1,0.2,0.2,0.2,0.3,0.4,0.4,0.5,0.6,0.7,0.7,0.8,0.8,0.8,0.8,0.8,0.8,0.8,0.8,0.6,0.6,0.6
Equatorial Guinea,0.082364934,,,,,,,,,,,0.1,0.2,0.2,0.3,0.3,0.4,0.6,0.7,0.9,1.2,1.5,1.9,2.3,2.7,3.2,3.6,4,4.4,4.7,4.2,4.4,4.7
Eritrea,,,,,,,0.010873503,,,,,0.3,0.4,0.6,0.8,0.9,1.1,1.1,1.2,1.2,1.2,1.2,1.2,1.1,1.1,1,1,0.9,0.9,0.8,0.7,0.7,0.6
Eritrea and Ethiopia,,,,,,,,,,,,,,,,,,,,,,,,,,,,,,,,,
Estonia,,,,,,,,,,,,0.06,0.06,0.06,0.06,0.1,0.1,0.1,0.2,0.3,0.4,0.5,0.6,0.7,0.9,1,1.1,1.1,1.2,1.2,1.2,1.3,1.3
Ethiopia,,,,,,,,,,,,,,,,,,,,,,,,,,,,,,,1.7,1.6,1.4
Faeroe Islands,,,,,,,,,,,,,,,,,,,,,,,,,,,,,,,,,
Falkland Is (Malvinas),,,,,,,,,,,,,,,,,,,,,,,,,,,,,,,,,
Fiji,,,,,,,,,,,,0.06,0.06,0.06,0.06,0.06,0.06,0.06,0.06,0.06,0.06,0.06,0.06,0.06,0.1,0.1,0.1,0.1,0.1,0.1,0.06,0.06,0.1
Finland,,,,,0.010557622,,,,,,,0.06,0.06,0.06,0.06,0.06,0.06,0.06,0.06,0.06,0.06,0.1,0.1,0.1,0.1,0.1,0.1,0.1,0.1,0.1,0.1,0.1,0.1
France,,,0.015708255,,,,,,,,,0.3,0.3,0.3,0.3,0.3,0.3,0.3,0.3,0.3,0.3,0.3,0.3,0.3,0.4,0.4,0.4,0.4,0.4,0.4,0.4,0.4,0.4
French Guiana,,,,,,,,,,,,,,,,,,,,,,,,,,,,,,,,,
French Polynesia,,,,,,,,,,,,,,,,,,,,,,,,,,,,,,,,,
Gabon,0.042124436,,,,,,,,,,,0.9,1.2,1.6,2,2.6,3.1,3.7,4.2,4.6,4.9,5.2,5.3,5.4,5.4,5.4,5.4,5.4,5.3,5.3,5.2,5.1,5
Gambia,,,,,,,,,,,,0.1,0.1,0.1,0.2,0.2,0.2,0.3,0.3,0.4,0.4,0.5,0.6,0.7,0.8,1,1.1,1.3,1.5,1.7,1.4,1.4,1.5
Georgia,,,,,,,,,,,,0.06,0.06,0.06,0.06,0.06,0.06,0.06,0.06,0.06,0.06,0.06,0.06,0.06,0.1,0.1,0.1,0.1,0.1,0.1,0.2,0.2,0.2
Germany,,,,0.022875823,,,,,,,,0.1,0.1,0.1,0.1,0.1,0.1,0.1,0.1,0.1,0.1,0.1,0.1,0.1,0.1,0.1,0.1,0.1,0.1,0.1,0.1,0.1,0.1
Ghana,,,,,,,,,,,,0.3,0.4,0.7,0.9,1.3,1.7,2,2.2,2.3,2.3,2.3,2.3,2.2,2.1,2.1,2,1.9,1.9,1.8,1.6,1.5,1.5
Gibraltar,,,,,,,,,,,,,,,,,,,,,,,,,,,,,,,,,
Greece,0.018909064,,,,,,,,,,,0.1,0.1,0.1,0.1,0.1,0.1,0.1,0.1,0.1,0.1,0.1,0.1,0.1,0.1,0.1,0.1,0.1,0.1,0.1,0.2,0.2,0.2
Greenland,,,,,,,,,,,,,,,,,,,,,,,,,,,,,,,,,
Grenada,,,,,,,,,,,,,,,,,,,,,,,,,,,,,,,,,
Guadeloupe,,,,,,,,,,,,,,,,,,,,,,,,,,,,,,,,,
Guam,,,,,,,,,,,,,,,,,,,,,,,,,,,,,,,,,
Guatemala,,,,,,,,,,,,0.1,0.1,0.1,0.2,0.2,0.2,0.3,0.3,0.4,0.4,0.5,0.5,0.5,0.6,0.6,0.7,0.7,0.7,0.8,0.7,0.7,0.8
Guernsey,,,,,,,,,,,,,,,,,,,,,,,,,,,,,,,,,
Guinea,0.015019429,,,,,,,,,,,1.1,1.3,1.5,1.7,1.8,1.8,1.8,1.8,1.8,1.8,1.7,1.7,1.6,1.6,1.5,1.5,1.4,1.4,1.4,1.4,1.4,1.4
Guinea-Bissau,,,0.009823591,,,,,,,,,0.3,0.3,0.4,0.6,0.7,0.9,1,1.2,1.4,1.6,1.8,2,2.1,2.3,2.3,2.4,2.4,2.5,2.5,2.3,2.4,2.5
Guyana,0.030135016,,,,,,,,,,,2.8,2.7,2.6,2.5,2.3,2.2,2.1,1.9,1.8,1.6,1.5,1.4,1.3,1.3,1.2,1.1,1.1,1,1.2,1.2,1.1,1.1
Haiti,0.155026457,,,,,,,,,,,1.3,1.6,2.3,3.3,3.6,3.6,3.4,3.3,3.1,2.9,2.8,2.6,2.5,2.3,2.2,2.1,2.1,2,2,1.9,1.9,1.8
Holy See,,,,,,,,,,,,,,,,,,,,,,,,,,,,,,,,,
Honduras,0.01,,,,,,,,,,,1.1,1.2,1.4,1.4,1.5,1.5,1.5,1.4,1.4,1.3,1.3,1.2,1.1,1.1,1,0.9,0.9,0.8,0.8,,,
"Hong Kong, China",,,,,,,,,,,,,,,,,,,,,,,,,,,,,,,,,
Hungary,,,,,,,,,,,,0.1,0.1,0.1,0.1,0.1,0.1,0.1,0.1,0.06,0.06,0.06,0.06,0.06,0.06,0.06,0.06,0.06,0.06,0.06,0.1,0.1,0.1
Iceland,0.012373161,,,,,,,,,,,0.06,0.06,0.1,0.1,0.1,0.1,0.1,0.1,0.2,0.2,0.2,0.2,0.2,0.2,0.2,0.3,0.3,0.3,0.3,0.3,0.3,0.3
India,,,,,,,,,,,,0.1,0.1,0.1,0.2,0.2,0.3,0.3,0.3,0.4,0.4,0.4,0.4,0.4,0.4,0.39,0.37,0.37,0.34,0.32,0.31,,
Indonesia,,,,,,,,,,,,0.06,0.06,0.06,0.06,0.06,0.06,0.06,0.06,0.06,0.06,0.06,0.06,0.06,0.06,0.1,0.1,0.1,0.1,0.2,0.2,0.2,0.3
Iran,,,,,,,,,,,,0.06,0.06,0.06,0.06,0.06,0.06,0.06,0.1,0.1,0.1,0.1,0.1,0.1,0.2,0.2,0.2,0.2,0.2,0.2,0.2,0.2,0.2
Iraq,,,,,,,,,,,,,,,,,,,,,,,,,,,,,,,,,
Ireland,,,,0.015104416,,,,,,,,0.06,0.06,0.1,0.1,0.1,0.1,0.1,0.1,0.2,0.2,0.2,0.2,0.2,0.2,0.2,0.2,0.2,0.2,0.2,0.3,0.3,0.3
Isle of Man,,,,,,,,,,,,,,,,,,,,,,,,,,,,,,,,,
Israel,0.012167647,,,,,,,,,,,0.06,0.1,0.1,0.1,0.1,0.1,0.1,0.1,0.1,0.1,0.1,0.1,0.1,0.2,0.2,0.2,0.2,0.2,0.2,0.2,0.2,0.2
Italy,0.01,,,,,,,,,,,0.3,0.3,0.3,0.3,0.3,0.3,0.3,0.3,0.3,0.3,0.3,0.3,0.3,0.3,0.3,0.3,0.3,0.3,0.3,0.4,0.4,0.4
Jamaica,0.014488867,,,,,,,,,,,2.1,2.2,2.2,2.2,2.2,2.2,2.1,2.1,2,2,1.9,1.9,1.9,1.8,1.8,1.8,1.7,1.7,1.7,1.8,1.8,1.8
Japan,,,,,,,,,,,,0.06,0.06,0.06,0.06,0.06,0.06,0.06,0.06,0.06,0.06,0.06,0.06,0.06,0.06,0.06,0.06,0.06,0.06,0.06,0.06,0.06,0.06
Jersey,,,,,,,,,,,,,,,,,,,,,,,,,,,,,,,,,
Jordan,,,,,,,,,,,,,,,,,,,,,,,,,,,,,,,,,
Kazakhstan,,,,,,,,,,,,0.06,0.06,0.06,0.06,0.06,0.06,0.06,0.06,0.06,0.06,0.06,0.06,0.06,0.1,0.1,0.1,0.1,0.1,0.1,0.2,0.2,0.2
Kenya,0.07,,,,,,,,,,,3.9,5.4,7,8.4,9.6,10.3,10.5,10.5,10.1,9.6,9,8.4,7.9,7.5,7.1,6.8,6.6,6.4,6.3,6.2,6.2,6.2
Kiribati,,,,,,,,,,,,,,,,,,,,,,,,,,,,,,,,,
North Korea,,,,,,,,,,,,,,,,,,,,,,,,,,,,,,,,,
South Korea,,,,,,,,,,,,0.06,0.06,0.06,0.06,0.06,0.06,0.06,0.06,0.06,0.06,0.06,0.06,0.06,0.06,0.06,0.06,0.06,0.06,0.06,0.06,0.06,0.06
"United Korea (former)
",,,,,,,,,,,,,,,,,,,,,,,,,,,,,,,,,
Kosovo,,,,,,,,,,,,,,,,,,,,,,,,,,,,,,,,,
Kuwait,,,,,,,,,,,,,,,,,,,,,,,,,,,,,,,,,
Kyrgyz Republic,,,,,,,,,,,,0.06,0.06,0.06,0.06,0.06,0.06,0.06,0.06,0.06,0.06,0.06,0.06,0.06,0.06,0.1,0.1,0.1,0.2,0.2,0.2,0.3,0.4
Lao,,,,,,,,,,,,0.06,0.06,0.06,0.06,0.06,0.06,0.06,0.06,0.06,0.06,0.06,0.06,0.06,0.1,0.1,0.1,0.1,0.2,0.2,0.2,0.3,0.3
Latvia,,,,,,,,,,,,0.06,0.06,0.06,0.1,0.1,0.1,0.1,0.2,0.2,0.2,0.3,0.4,0.4,0.5,0.5,0.6,0.6,0.6,0.6,0.7,0.7,0.7
Lebanon,0.012167647,,,,,,,,,,,0.06,0.06,0.06,0.1,0.1,0.1,0.1,0.1,0.1,0.1,0.2,0.2,0.2,0.2,0.2,0.1,0.1,0.1,0.1,0.1,0.1,0.1
Lesotho,,,,,,0.011079346,,,,,,0.8,1.7,3.3,5.9,9.8,14.3,18.5,21.6,23.4,24.2,24.5,24.5,24.3,24.1,23.8,23.6,23.5,23.5,23.6,23,23.2,23.3
Liberia,0.01185026,,,,,,,,,,,0.3,0.5,1,1.7,2.5,3.1,3.4,3.6,3.5,3.4,3.3,3.1,2.8,2.6,2.4,2.2,2,1.8,1.6,1.3,1.1,1
Libya,,,,,,,,,,,,,,,,,,,,,,,,,,,,,,,,,
Liechtenstein,,,,,,,,,,,,,,,,,,,,,,,,,,,,,,,,,
Lithuania,,,,,,,,,,,,0.06,0.06,0.06,0.06,0.06,0.06,0.06,0.06,0.06,0.06,0.06,0.06,0.06,0.06,0.06,0.06,0.06,0.1,0.1,0.1,0.1,0.1
Luxembourg,0.013690696,,,,,,,,,,,0.1,0.1,0.1,0.1,0.1,0.2,0.2,0.2,0.2,0.2,0.2,0.3,0.3,0.3,0.3,0.3,0.3,0.3,0.3,0.3,0.3,0.3
"Macao, China",,,,,,,,,,,,,,,,,,,,,,,,,,,,,,,,,
"Macedonia, FYR",,,,,,,,,,,,,,,,,,,,,,,,,,,,,,,,,
Madagascar,,,,,,,,,,,,0.2,0.2,0.2,0.2,0.2,0.2,0.2,0.2,0.2,0.2,0.2,0.2,0.2,0.2,0.2,0.2,0.2,0.2,0.2,0.3,0.3,0.3
Malawi,,0.015321148,,,,,,,,,,7.2,8.8,10.5,11.9,13.1,13.9,14.5,14.7,14.7,14.5,14.2,13.8,13.4,13,12.5,12.1,11.8,11.4,11.2,10.9,10.4,10
Malaysia,,,,,,,,,0.010175238,,,0.1,0.1,0.1,0.2,0.3,0.3,0.3,0.4,0.4,0.4,0.4,0.4,0.4,0.4,0.4,0.5,0.5,0.5,0.5,0.4,0.4,0.4
Maldives,,,,,,,,,,,,0.06,0.06,0.06,0.06,0.06,0.06,0.06,0.06,0.06,0.06,0.06,0.06,0.06,0.06,0.06,0.06,0.06,0.06,0.06,0.06,0.06,0.06
Mali,,,,0.012575162,,,,,,,,0.4,0.6,1,1.4,1.7,1.8,1.9,1.9,1.8,1.8,1.7,1.6,1.5,1.4,1.3,1.2,1.1,1.1,1,1.2,1.1,1.1
Malta,,,,,,,,,,,,0.06,0.06,0.06,0.06,0.1,0.1,0.1,0.1,0.1,0.1,0.1,0.1,0.1,0.1,0.1,0.1,0.1,0.1,0.1,0.1,0.1,0.1
Marshall Islands,,,,,,,,,,,,,,,,,,,,,,,,,,,,,,,,,
Martinique,,,,,,,,,,,,,,,,,,,,,,,,,,,,,,,,,
Mauritania,,,,,,,,,,,,0.2,0.2,0.2,0.3,0.3,0.4,0.4,0.5,0.5,0.5,0.6,0.6,0.6,0.7,0.7,0.7,0.7,0.7,0.7,1,1.1,1.1
Mauritius,,,,,,,,,,,,0.06,0.1,0.1,0.1,0.1,0.1,0.1,0.2,0.2,0.3,0.3,0.4,0.4,0.5,0.6,0.7,0.7,0.8,0.9,1,1,1
Mayotte,,,,,,,,,,,,,,,,,,,,,,,,,,,,,,,,,
Mexico,0.03122474,,,,,,,,,,,0.4,0.4,0.4,0.4,0.3,0.3,0.3,0.3,0.3,0.3,0.3,0.3,0.3,0.3,0.3,0.3,0.3,0.3,0.3,0.2,0.2,0.2
"Micronesia, Fed. Sts.",,,,,,,,,,,,,,,,,,,,,,,,,,,,,,,,,
Moldova,,,,,,,,,,,,0.06,0.1,0.1,0.1,0.1,0.1,0.2,0.3,0.3,0.4,0.4,0.4,0.4,0.4,0.4,0.4,0.4,0.4,0.4,0.5,0.5,0.5
Monaco,,,,,,,,,,,,,,,,,,,,,,,,,,,,,,,,,
Mongolia,,,,,,,,,,,,0.06,0.06,0.06,0.06,0.06,0.06,0.06,0.06,0.06,0.06,0.06,0.06,0.06,0.06,0.06,0.06,0.06,0.06,0.06,0.06,0.06,0.06
Montenegro,,,,,,,,,,,,,,,,,,,,,,,,,,,,,,,,,
Montserrat,,,,,,,,,,,,,,,,,,,,,,,,,,,,,,,,,
Morocco,,,,,,,,,,,,0.06,0.06,0.06,0.06,0.06,0.06,0.1,0.1,0.1,0.1,0.1,0.1,0.1,0.1,0.1,0.1,0.1,0.1,0.1,0.1,0.1,0.2
Mozambique,0.075681075,,,,,,,,,,,1.2,1.6,2.1,2.7,3.4,4.1,4.9,5.8,6.7,7.7,8.6,9.4,10.1,10.6,11,11.2,11.3,11.4,11.4,11.3,11.3,11.3
Myanmar,,,,,,,0.01,,,,,0.2,0.3,0.4,0.4,0.5,0.6,0.6,0.7,0.7,0.7,0.8,0.8,0.7,0.7,0.7,0.7,0.7,0.6,0.6,0.7,0.7,0.6
Namibia,0.016749108,,,,,,,,,,,1.6,2.2,3,4.1,5.5,7.1,8.9,10.7,12.5,14.1,15.3,16.1,16.5,16.5,16.2,15.7,15,14.3,13.7,13.7,13.6,13.4
Nauru,,,,,,,,,,,,,,,,,,,,,,,,,,,,,,,,,
Nepal,,,,,,,0.01,,,,,0.2,0.3,0.3,0.3,0.4,0.4,0.4,0.4,0.5,0.5,0.5,0.5,0.5,0.5,0.5,0.4,0.4,0.4,0.4,0.4,0.3,0.3
Netherlands,,,,0.010807512,,,,,,,,0.1,0.1,0.1,0.1,0.1,0.2,0.2,0.2,0.2,0.2,0.2,0.2,0.2,0.2,0.2,0.2,0.2,0.2,0.2,0.2,0.2,0.2
Netherlands Antilles,,,,,,,,,,,,,,,,,,,,,,,,,,,,,,,,,
New Caledonia,,,,,,,,,,,,,,,,,,,,,,,,,,,,,,,,,
New Zealand,,,,,,,,0.01137169,,,,0.1,0.1,0.1,0.06,0.06,0.06,0.1,0.1,0.1,0.1,0.1,0.1,0.1,0.1,0.1,0.1,0.1,0.1,0.1,0.1,0.1,0.1
Ngorno-Karabakh,,,,,,,,,,,,,,,,,,,,,,,,,,,,,,,,,
Nicaragua,,,,,,,,0.00951034,,,,0.06,0.06,0.06,0.1,0.1,0.1,0.1,0.1,0.1,0.1,0.1,0.1,0.1,0.1,0.2,0.2,0.2,0.2,0.2,0.2,0.2,0.2
Niger,,,,,0.011430135,,,,,,,0.1,0.1,0.2,0.3,0.4,0.6,0.7,0.9,0.9,1,1,1,1,1,0.9,0.9,0.9,0.8,0.8,0.8,0.8,0.8
Nigeria,0.037979687,,,,,,,,,,,1.3,2.2,3.1,3.6,3.8,4,4,4,4,4,3.9,3.8,3.8,3.7,3.7,3.7,3.6,3.6,3.6,3.6,3.7,3.7
Niue,,,,,,,,,,,,,,,,,,,,,,,,,,,,,,,,,
Norfolk Island,,,,,,,,,,,,,,,,,,,,,,,,,,,,,,,,,
Northern Cyprus,,,,,,,,,,,,,,,,,,,,,,,,,,,,,,,,,
Northern Mariana Islands,,,,,,,,,,,,,,,,,,,,,,,,,,,,,,,,,
Norway,,,,,0.014449506,,,,,,,0.06,0.06,0.1,0.1,0.1,0.1,0.1,0.1,0.1,0.1,0.1,0.1,0.1,0.1,0.1,0.1,0.1,0.1,0.1,0.1,0.1,0.1
Oman,,,,,,,,,,,,0.06,0.06,0.06,0.06,0.06,0.06,0.06,0.06,0.06,0.06,0.06,0.06,0.06,0.06,0.06,0.06,0.06,0.1,0.1,,,
Pakistan,,,,,,,,,,,,0.06,0.06,0.06,0.06,0.06,0.06,0.06,0.06,0.06,0.06,0.06,0.1,0.1,0.1,0.1,0.1,0.1,0.1,0.1,0.1,0.1,0.1
Palau,,,,,,,,,,,,,,,,,,,,,,,,,,,,,,,,,
Panama,0.046410768,,,,,,,,,,,0.2,0.3,0.3,0.4,1.1,1.6,1.6,1.6,1.6,1.5,1.4,1.4,1.3,1.2,1.1,1.1,1,0.9,0.9,0.8,0.8,0.8
Papua New Guinea,,,,,,,,,0.010175238,,,0.06,0.06,0.06,0.1,0.1,0.1,0.1,0.2,0.2,0.3,0.4,0.5,0.6,0.7,0.7,0.8,0.8,0.9,0.9,0.7,0.7,0.7
Paraguay,,,,,0.00974306,,,,,,,0.06,0.1,0.2,0.2,0.2,0.2,0.2,0.2,0.3,0.3,0.3,0.3,0.3,0.3,0.3,0.3,0.3,0.3,0.3,0.3,0.3,0.3
Peru,0.010679312,,,,,,,,,,,0.4,0.4,0.5,0.5,0.5,0.5,0.5,0.5,0.5,0.5,0.5,0.5,0.5,0.5,0.5,0.4,0.4,0.4,0.4,0.4,0.4,0.4
Philippines,,,,,,,,,,,,0.06,0.06,0.06,0.06,0.06,0.06,0.06,0.06,0.06,0.06,0.06,0.06,0.06,0.06,0.06,0.06,0.06,0.06,0.06,0.06,0.06,0.06
Pitcairn,,,,,,,,,,,,,,,,,,,,,,,,,,,,,,,,,
Poland,,,,,,,,,,,,0.06,0.06,0.06,0.1,0.1,0.1,0.1,0.1,0.1,0.1,0.1,0.1,0.1,0.1,0.1,0.1,0.1,0.1,0.1,0.1,0.1,0.1
Portugal,0.02050798,,,,,,,,,,,0.1,0.1,0.2,0.2,0.3,0.3,0.3,0.4,0.4,0.4,0.4,0.5,0.5,0.5,0.5,0.5,0.5,0.5,0.5,0.7,0.7,0.7
Puerto Rico,,,,,,,,,,,,,,,,,,,,,,,,,,,,,,,,,
Qatar,,,,,,,,,,,,0.06,0.06,0.06,0.06,0.06,0.06,0.06,0.06,0.06,0.06,0.06,0.06,0.06,0.06,0.06,0.06,0.06,0.06,0.06,,,
Reunion,,,,,,,,,,,,,,,,,,,,,,,,,,,,,,,,,
Romania,,,,,,,,,,,,0.06,0.06,0.06,0.1,0.1,0.1,0.1,0.1,0.1,0.1,0.1,0.1,0.1,0.1,0.1,0.1,0.1,0.1,0.1,0.1,0.1,0.1
Russia,,,,,,,,,,,,0.06,0.06,0.06,0.06,0.06,0.06,0.06,0.06,0.1,0.1,0.3,0.5,0.6,0.8,0.8,0.9,0.9,0.9,1,,,
Rwanda,0.01,,,,,,,,,,,5.2,5.2,5.1,5,4.9,4.7,4.5,4.3,4.2,4,3.8,3.7,3.6,3.4,3.2,3.1,3,2.9,2.9,3,3,2.9
St. Barthélemy,,,,,,,,,,,,,,,,,,,,,,,,,,,,,,,,,
St. Helena,,,,,,,,,,,,,,,,,,,,,,,,,,,,,,,,,
St. Kitts and Nevis,,,,,,,,,,,,,,,,,,,,,,,,,,,,,,,,,
St. Lucia,,,,,,,,,,,,,,,,,,,,,,,,,,,,,,,,,
St. Martin,,,,,,,,,,,,,,,,,,,,,,,,,,,,,,,,,
St. Vincent and the Grenadines,,,,,,,,,,,,,,,,,,,,,,,,,,,,,,,,,
St.-Pierre-et-Miquelon,,,,,,,,,,,,,,,,,,,,,,,,,,,,,,,,,
Samoa,,,,,,,,,,,,,,,,,,,,,,,,,,,,,,,,,
San Marino,,,,,,,,,,,,,,,,,,,,,,,,,,,,,,,,,
Sao Tome and Principe,,,,,,,,,,,,,,,,,,,,,,,,,,,,,,,1,1,1
Saudi Arabia,,,,,,,,,,,,,,,,,,,,,,,,,,,,,,,,,
Senegal,,,0.00952155,,,,,,,,,0.2,0.2,0.2,0.3,0.3,0.4,0.4,0.5,0.5,0.5,0.6,0.6,0.7,0.7,0.7,0.8,0.8,0.8,0.8,0.7,0.7,0.7
Serbia,,,,,,,0.01,,,,,0.1,0.1,0.1,0.1,0.1,0.1,0.06,0.06,0.06,0.06,0.06,0.06,0.1,0.1,0.1,0.1,0.1,0.1,0.1,0.1,0.1,0.1
Serbia and Montenegro,,,,,,,,,,,,,,,,,,,,,,,,,,,,,,,,,
Serbia excluding Kosovo,,,,,,,,,,,,,,,,,,,,,,,,,,,,,,,,,
Seychelles,,,,,,,,,,,,,,,,,,,,,,,,,,,,,,,,,
Sierra Leone,,,,,,,0.011022285,,,,,0.06,0.06,0.1,0.1,0.1,0.2,0.3,0.4,0.6,0.8,0.9,1.1,1.2,1.3,1.4,1.5,1.6,1.6,1.6,1.6,1.6,1.6
Singapore,,,,,,,,,,,,0.06,0.06,0.1,0.1,0.1,0.1,0.1,0.1,0.1,0.1,0.1,0.1,0.1,0.1,0.1,0.1,0.1,0.1,0.1,0.1,0.1,0.1
Slovak Republic,,,,,,,,,,,,0.06,0.06,0.06,0.06,0.06,0.06,0.06,0.06,0.06,0.06,0.06,0.06,0.06,0.06,0.06,0.06,0.06,0.06,0.06,0.06,0.06,0.06
Slovenia,,,,,,,,,,,,0.06,0.06,0.06,0.06,0.06,0.06,0.06,0.06,0.06,0.06,0.06,0.06,0.06,0.06,0.06,0.06,0.06,0.06,0.06,0.06,0.1,0.1
Solomon Islands,,,,,,,,,,,,,,,,,,,,,,,,,,,,,,,,,
Somalia,,,,,,,,,0.010400419,,,0.1,0.1,0.1,0.1,0.1,0.1,0.1,0.2,0.2,0.2,0.2,0.3,0.3,0.3,0.4,0.4,0.5,0.6,0.6,0.7,0.7,0.7
Somaliland,,,,,,,,,,,,,,,,,,,,,,,,,,,,,,,,,
South Africa,,,0.014208589,,,,,,,,,0.7,1.2,1.8,2.9,4.3,6.1,8.4,10.7,12.9,14.8,16.1,17.1,17.7,18,18.1,18.1,18.1,18,17.9,17.2,17.3,17.3
South Ossetia,,,,,,,,,,,,,,,,,,,,,,,,,,,,,,,,,
Spain,0.01,,,,,,,,,,,0.4,0.4,0.4,0.5,0.5,0.5,0.4,0.4,0.4,0.4,0.4,0.4,0.4,0.4,0.4,0.4,0.4,0.4,0.4,0.4,0.4,0.4
Sri Lanka,,,,,,,,,,,,0.06,0.06,0.06,0.06,0.06,0.06,0.06,0.06,0.06,0.06,0.06,0.06,0.06,0.06,0.06,0.06,0.06,0.06,0.06,0.06,0.06,0.06
Sudan,0.062390639,,,,,,,,,,,0.1,0.1,0.1,0.1,0.1,0.2,0.2,0.2,0.3,0.3,0.3,0.4,0.4,0.5,0.6,0.6,0.7,0.8,1,0.4,0.4,0.4
Suriname,,0.011931256,,,,,,,,,,0.1,0.2,0.2,0.4,0.6,0.7,0.9,0.9,1,1,1,1,1,1,1,1.1,1,1,1,1.2,1.1,1
Svalbard,,,,,,,,,,,,,,,,,,,,,,,,,,,,,,,,,
Swaziland,,,,0.01097002,,,,,,,,2.3,3.2,4.4,6.1,8.1,10.6,13.3,16,18.5,20.6,22.3,23.6,24.5,25.1,25.5,25.6,25.7,25.8,25.9,25.8,25.9,26
Sweden,,,,,0.019136463,,,,,,,0.1,0.1,0.1,0.1,0.1,0.1,0.1,0.1,0.1,0.1,0.1,0.1,0.1,0.1,0.1,0.1,0.1,0.1,0.1,0.2,0.2,0.2
Switzerland,,,,,,,0.054022769,,,,,0.2,0.2,0.3,0.3,0.3,0.3,0.3,0.3,0.3,0.3,0.3,0.3,0.3,0.3,0.3,0.3,0.4,0.4,0.4,0.4,0.4,0.4
Syria,,,,,,,,,,,,,,,,,,,,,,,,,,,,,,,,,
Taiwan,,,,,,,,,,,,,,,,,,,,,,,,,,,,,,,,,
Tajikistan,,,,,,,,,,,,0.06,0.06,0.06,0.06,0.06,0.1,0.1,0.1,0.1,0.1,0.1,0.1,0.1,0.1,0.1,0.1,0.2,0.2,0.2,0.2,0.2,0.3
Tanzania,0.01,,,,,,,,,,,4.8,5.7,6.5,7.1,7.6,7.8,7.9,7.9,7.7,7.5,7.3,7.1,6.8,6.6,6.4,6.2,6,5.9,5.8,5.8,5.8,5.8
Thailand,,,,,,,0.01,,,,,1,1.5,1.8,2,2.1,2.1,2.1,2,2,1.9,1.8,1.7,1.6,1.5,1.5,1.5,1.4,1.4,1.3,1.3,1.2,1.2
Timor-Leste,,,,,,,,,,,,,,,,,,,,,,,,,,,,,,,,,
Togo,0.009898522,,,,,,,,,,,0.6,0.8,1.2,1.6,2,2.5,2.9,3.1,3.4,3.5,3.6,3.6,3.6,3.5,3.5,3.4,3.3,3.3,3.2,3.6,3.5,3.4
Tokelau,,,,,,,,,,,,,,,,,,,,,,,,,,,,,,,,,
Tonga,,,,,,,,,,,,,,,,,,,,,,,,,,,,,,,,,
Transnistria,,,,,,,,,,,,,,,,,,,,,,,,,,,,,,,,,
Trinidad and Tobago,,,,0.010653031,,,,,,,,0.2,0.3,0.4,0.5,0.6,0.8,0.9,1,1.1,1.1,1.2,1.2,1.2,1.3,1.3,1.3,1.4,1.4,1.5,1.5,1.5,1.5
Tunisia,,,,,,,,,,,,0.06,0.06,0.06,0.06,0.06,0.06,0.06,0.06,0.06,0.06,0.06,0.06,0.06,0.06,0.06,0.06,0.06,0.06,0.06,0.06,0.06,0.06
Turkey,,,,,,,,,,,,0.06,0.06,0.06,0.06,0.06,0.06,0.06,0.06,0.06,0.06,0.06,0.06,0.06,0.06,0.06,0.06,0.06,0.06,0.06,0.06,0.06,0.06
Turkmenistan,,,,,,,,,,,,,,,,,,,,,,,,,,,,,,,,,
Turks and Caicos Islands,,,,,,,,,,,,,,,,,,,,,,,,,,,,,,,,,
Tuvalu,,,,,,,,,,,,,,,,,,,,,,,,,,,,,,,,,
Uganda,0.01,,,,,,,,,,,10.2,10.7,10.5,10.2,9.8,9.3,8.8,8.4,8,7.6,7.3,7,6.8,6.6,6.4,6.4,6.3,6.3,6.4,6.9,7,7.2
Ukraine,,,,,,,,,,,,0.1,0.2,0.2,0.2,0.3,0.3,0.4,0.5,0.7,0.8,0.9,0.9,1,1.1,1.1,1.1,1.1,1.1,1.1,0.9,0.8,0.8
United Arab Emirates,,,,,,,,,,,,,,,,,,,,,,,,,,,,,,,,,
United Kingdom,,,,,0.019257422,,,,,,,0.1,0.1,0.1,0.1,0.1,0.1,0.1,0.1,0.1,0.1,0.1,0.1,0.2,0.2,0.2,0.2,0.2,0.2,0.2,0.3,0.3,0.3
United States,0.031764078,,,,,,,,,,,0.5,0.5,0.5,0.5,0.5,0.5,0.5,0.5,0.5,0.5,0.5,0.5,0.5,0.5,0.5,0.6,0.6,0.6,0.6,0.6,0.6,0.6
Uruguay,0.009697302,,,,,,,,,,,0.1,0.1,0.1,0.1,0.1,0.2,0.2,0.2,0.2,0.3,0.3,0.4,0.4,0.5,0.5,0.5,0.5,0.5,0.5,0.6,0.6,0.6
USSR,,,,,,,,,,,,,,,,,,,,,,,,,,,,,,,,,
Uzbekistan,,,,,,,,,,,,0.06,0.06,0.06,0.06,0.06,0.06,0.06,0.06,0.06,0.06,0.06,0.06,0.06,0.06,0.06,0.06,0.1,0.1,0.1,,,
Wallis et Futuna,,,,,,,,,,,,,,,,,,,,,,,,,,,,,,,,,
Vanuatu,,,,,,,,,,,,,,,,,,,,,,,,,,,,,,,,,
Venezuela,,,,,,,,,,,,,,,,,,,,,,,,,,,,,,,0.5,0.5,0.5
West Bank and Gaza,,,,,,,,,,,,,,,,,,,,,,,,,,,,,,,,,
West Germany,,,,,,,,,,,,,,,,,,,,,,,,,,,,,,,,,
Western Sahara,,,,,,,,,,,,,,,,,,,,,,,,,,,,,,,,,
Vietnam,,,,,,,,,,,,0.06,0.06,0.06,0.1,0.1,0.1,0.1,0.1,0.2,0.2,0.2,0.3,0.3,0.3,0.4,0.4,0.4,0.4,0.4,0.4,0.5,0.5
Virgin Islands (U.S.),,,,,,,,,,,,,,,,,,,,,,,,,,,,,,,,,
North Yemen (former),,,,,,,,,,,,,,,,,,,,,,,,,,,,,,,,,
South Yemen (former),,,,,,,,,,,,,,,,,,,,,,,,,,,,,,,,,
Yemen,,,,,,,,,,,,,,,,,,,,,,,,,,,,,,,0.2,0.2,0.2
Yugoslavia,,,,,,,,,,,,,,,,,,,,,,,,,,,,,,,,,
Zambia,0.01,,,,,,,,,,,12.7,13.6,14.2,14.6,14.9,15,14.9,14.8,14.7,14.6,14.4,14.3,14.2,14.1,14,13.9,13.8,13.7,13.6,12.9,12.7,12.5
Zimbabwe,0.01,,,,,,,,,,,10.1,13.6,17.2,20.6,23.3,25.1,26.2,26.5,26.3,25.7,24.8,23.7,22.5,21.1,19.8,18.4,17.2,16.1,15.1,15.7,15.2,14.9
Åland,,,,,,,,,,,,,,,,,,,,,,,,,,,,,,,,,
South Sudan,,,,,,,,,,,,,,,,,,,,,,,,,,,,,,,,,3.1
Christian,,,,,,,,,,,,,,,,,,,,,,,,,,,,,,,,,
Coastline,,,,,,,,,,,,,,,,,,,,,,,,,,,,,,,,,
Curaçao,,,,,,,,,,,,,,,,,,,,,,,,,,,,,,,,,
Sint Maarten (Dutch part),,,,,,,,,,,,,,,,,,,,,,,,,,,,,,,,,
St. Martin (French part),,,,,,,,,,,,,,,,,,,,,,,,,,,,,,,,,
Antarctica,,,,,,,,,,,,,,,,,,,,,,,,,,,,,,,,,
"Virgin Islands, British",,,,,,,,,,,,,,,,,,,,,,,,,,,,,,,,,
Hawaiian Trade Zone,,,,,,,,,,,,,,,,,,,,,,,,,,,,,,,,,
U.S. Pacific Islands,,,,,,,,,,,,,,,,,,,,,,,,,,,,,,,,,
Wake Island,,,,,,,,,,,,,,,,,,,,,,,,,,,,,,,,,
Bonaire,,,,,,,,,,,,,,,,,,,,,,,,,,,,,,,,,
Sark,,,,,,,,,,,,,,,,,,,,,,,,,,,,,,,,,
Chinese Taipei,,,,,,,,,,,,,,,,,,,,,,,,,,,,,,,,,
Saint Eustatius,,,,,,,,,,,,,,,,,,,,,,,,,,,,,,,,,
Saba,,,,,,,,,,,,,,,,,,,,,,,,,,,,,,,,,